919847376050,ABIPZ7000M
919811111112,ABIPZ7000M
919811111113,ABIPZ7000M
919811111114,ABIPZ7000M
919811111115,ABIPZ7000M
919811111116,ABIPZ7000M
919811111117,ABIPZ7000M
919811111118,ABIPZ7000M
919811111119,ABIPZ7000M
919811111120,ABIPZ7000M
919811111121,ABIPZ7000M
919811111122,ABIPZ7000M
919811111123,ABIPZ7000M
919811111124,ABIPZ7000M
919811111125,ABIPZ7000M
919811111126,ABIPZ7000M
919811111127,ABIPZ7000M
919811111128,ABIPZ7000M
919811111129,ABIPZ7000M
919811111130,ABIPZ7000M
919811111131,ABIPZ7000M
919811111132,ABIPZ7000M
919811111133,ABIPZ7000M
919811111134,ABIPZ7000M
919811111135,ABIPZ7000M
919811111136,ABIPZ7000M
919811111137,ABIPZ7000M
919811111138,ABIPZ7000M
919811111139,ABIPZ7000M
919811111140,ABIPZ7000M
919811111141,ABIPZ7000M
919811111142,ABIPZ7000M
919811111143,ABIPZ7000M
919811111144,ABIPZ7000M
919811111145,ABIPZ7000M
919811111146,ABIPZ7000M
919811111147,ABIPZ7000M
919811111148,ABIPZ7000M
919811111149,ABIPZ7000M
919811111150,ABIPZ7000M
919811111151,ABIPZ7000M
919811111152,ABIPZ7000M
919811111153,ABIPZ7000M
919811111154,ABIPZ7000M
919811111155,ABIPZ7000M
919811111156,ABIPZ7000M
919811111157,ABIPZ7000M
919811111158,ABIPZ7000M
919811111159,ABIPZ7000M
919811111160,ABIPZ7000M
919811111161,ABIPZ7000M
919811111162,ABIPZ7000M
919811111163,ABIPZ7000M
919811111164,ABIPZ7000M
919811111165,ABIPZ7000M
919811111166,ABIPZ7000M
919811111167,ABIPZ7000M
919811111168,ABIPZ7000M
919811111169,ABIPZ7000M
919811111170,ABIPZ7000M
919811111171,ABIPZ7000M
919811111172,ABIPZ7000M
919811111173,ABIPZ7000M
919811111174,ABIPZ7000M
919811111175,ABIPZ7000M
919811111176,ABIPZ7000M
919811111177,ABIPZ7000M
919811111178,ABIPZ7000M
919811111179,ABIPZ7000M
919811111180,ABIPZ7000M
919811111181,ABIPZ7000M
919811111182,ABIPZ7000M
919811111183,ABIPZ7000M
919811111184,ABIPZ7000M
919811111185,ABIPZ7000M
919811111186,ABIPZ7000M
919811111187,ABIPZ7000M
919811111188,ABIPZ7000M
919811111189,ABIPZ7000M
919811111190,ABIPZ7000M
919811111191,ABIPZ7000M
919811111192,ABIPZ7000M
919811111193,ABIPZ7000M
919811111194,ABIPZ7000M
919811111195,ABIPZ7000M
919811111196,ABIPZ7000M
919811111197,ABIPZ7000M
919811111198,ABIPZ7000M
919811111199,ABIPZ7000M
919811111200,ABIPZ7000M
919811111201,ABIPZ7000M
919811111202,ABIPZ7000M
919811111203,ABIPZ7000M
919811111204,ABIPZ7000M
919811111205,ABIPZ7000M
919811111206,ABIPZ7000M
919811111207,ABIPZ7000M
919811111208,ABIPZ7000M
919811111209,ABIPZ7000M
919811111210,ABIPZ7000M
919811111211,ABIPZ7000M
919811111212,ABIPZ7000M
919811111213,ABIPZ7000M
919811111214,ABIPZ7000M
919811111215,ABIPZ7000M
919811111216,ABIPZ7000M
919811111217,ABIPZ7000M
919811111218,ABIPZ7000M
919811111219,ABIPZ7000M
919811111220,ABIPZ7000M
919811111221,ABIPZ7000M
919811111222,ABIPZ7000M
919811111223,ABIPZ7000M
919811111224,ABIPZ7000M
919811111225,ABIPZ7000M
919811111226,ABIPZ7000M
919811111227,ABIPZ7000M
919811111228,ABIPZ7000M
919811111229,ABIPZ7000M
919811111230,ABIPZ7000M
919811111231,ABIPZ7000M
919811111232,ABIPZ7000M
919811111233,ABIPZ7000M
919811111234,ABIPZ7000M
919811111235,ABIPZ7000M
919811111236,ABIPZ7000M
919811111237,ABIPZ7000M
919811111238,ABIPZ7000M
919811111239,ABIPZ7000M
919811111240,ABIPZ7000M
919811111241,ABIPZ7000M
919811111242,ABIPZ7000M
919811111243,ABIPZ7000M
919811111244,ABIPZ7000M
919811111245,ABIPZ7000M
919811111246,ABIPZ7000M
919811111247,ABIPZ7000M
919811111248,ABIPZ7000M
919811111249,ABIPZ7000M
919811111250,ABIPZ7000M
919811111251,ABIPZ7000M
919811111252,ABIPZ7000M
919811111253,ABIPZ7000M
919811111254,ABIPZ7000M
919811111255,ABIPZ7000M
919811111256,ABIPZ7000M
919811111257,ABIPZ7000M
919811111258,ABIPZ7000M
919811111259,ABIPZ7000M
919811111260,ABIPZ7000M
919811111261,ABIPZ7000M
919811111262,ABIPZ7000M
919811111263,ABIPZ7000M
919811111264,ABIPZ7000M
919811111265,ABIPZ7000M
919811111266,ABIPZ7000M
919811111267,ABIPZ7000M
919811111268,ABIPZ7000M
919811111269,ABIPZ7000M
919811111270,ABIPZ7000M
919811111271,ABIPZ7000M
919811111272,ABIPZ7000M
919811111273,ABIPZ7000M
919811111274,ABIPZ7000M
919811111275,ABIPZ7000M
919811111276,ABIPZ7000M
919811111277,ABIPZ7000M
919811111278,ABIPZ7000M
919811111279,ABIPZ7000M
919811111280,ABIPZ7000M
919811111281,ABIPZ7000M
919811111282,ABIPZ7000M
919811111283,ABIPZ7000M
919811111284,ABIPZ7000M
919811111285,ABIPZ7000M
919811111286,
919811111287,
919811111288,
919811111289,
919811111290,
919811111291,
919811111292,
919811111293,
919811111294,
919811111295,
919811111296,
919811111297,
919811111298,
919811111299,
919811111300,
919811111301,
919811111302,
919811111303,
919811111304,
919811111305,
919811111306,
919811111307,
919811111308,
919811111309,
919811111310,
919811111311,
919811111312,
919811111313,
919811111314,
919811111315,
919811111316,
919811111317,
919811111318,
919811111319,
919811111320,
919811111321,
919811111322,
919811111323,
919811111324,
919811111325,
919811111326,
919811111327,
919811111328,
919811111329,
919811111330,
919811111331,
919811111332,
919811111333,
919811111334,
919811111335,
919811111336,
919811111337,
919811111338,
919811111339,
919811111340,
919811111341,
919811111342,
919811111343,
919811111344,
919811111345,
919811111346,
919811111347,
919811111348,
919811111349,
919811111350,
919811111351,
919811111352,
919811111353,
919811111354,
919811111355,
919811111356,
919811111357,
919811111358,
919811111359,
919811111360,
919811111361,
919811111362,
919811111363,
919811111364,
919811111365,
919811111366,
919811111367,
919811111368,
919811111369,
919811111370,
919811111371,
919811111372,
919811111373,
919811111374,
919811111375,
919811111376,
919811111377,
919811111378,
919811111379,
917136201270,
917136201271,
917136201272,
917136201273,
917136201274,
917136201275,
917136201276,
917136201277,
917136201278,
917136201279,
917136201280,
917136201281,
917136201282,
917136201283,
917136201284,
917136201285,
917136201286,
917136201287,
917136201288,
917136201289,
917136201290,
917136201291,
917136201292,
917136201293,
917136201294,
917136201295,
917136201296,
917136201297,
917136201298,
917136201299,
917136201300,
917136201301,
917136201302,
917136201303,
917136201304,
917136201305,
917136201306,
917136201307,
917136201308,
917136201309,
917136201310,
917136201311,
917136201312,
917136201313,
917136201314,
917136201315,
917136201316,
917136201317,
917136201318,
917136201319,
917136201320,
917136201321,
917136201322,
917136201323,
